id,start,end,team,court
3435,2024-08-04 15:00:00,,2,Stadium
3434,2024-08-04 16:00:00,,2,Stadium
3433,2024-08-04 13:00:00,,1,Stadium
3432,2024-08-05 02:00:00,,0,Stadium
3431,2024-08-05 01:00:00,,0,Stadium
3430,2024-08-05 00:00:00,,0,Stadium
3429,2024-08-04 23:00:00,,0,Stadium
3428,2024-08-04 22:00:00,,0,Stadium
3427,2024-08-04 21:00:00,,0,Stadium
3426,2024-08-04 20:00:00,,0,Stadium
3425,2024-08-04 19:00:00,,3,Stadium
3424,2024-08-04 18:00:00,,3,Stadium
3423,2024-08-04 17:00:00,,3,Stadium
3422,2024-08-04 14:00:00,,2,Stadium
3421,2024-08-04 12:00:00,,1,Stadium
3408,2024-08-03 20:00:00,,0,Harris
3407,2024-08-03 20:00:00,,0,Stadium
3406,2024-08-04 02:00:00,,0,Stadium
3405,2024-08-04 02:00:00,,0,Harris
3404,2024-08-04 01:00:00,,0,Stadium
3403,2024-08-04 01:00:00,,0,Harris
3402,2024-08-04 00:00:00,,4,Stadium
3401,2024-08-04 00:00:00,,0,Harris
3400,2024-08-03 23:00:00,,2,Stadium
3399,2024-08-03 23:00:00,2024-08-03 23:50:44,1,Harris
3398,2024-08-03 22:00:00,,4,Harris
3397,2024-08-03 22:00:00,,3,Stadium
3396,2024-08-03 21:00:00,,2,Harris
3395,2024-08-03 21:00:00,,1,Stadium
3394,2024-08-03 19:00:00,,0,Stadium
3393,2024-08-03 19:00:00,,0,Harris
3392,2024-08-03 18:00:00,,0,Stadium
3391,2024-08-03 18:00:00,,0,Harris
3390,2024-08-03 17:00:00,,0,Harris
3389,2024-08-03 17:00:00,,1,Stadium
3388,2024-08-03 16:00:00,,0,Harris
3387,2024-08-03 16:00:00,,3,Stadium
3386,2024-08-03 15:00:00,,4,Stadium
3385,2024-08-03 15:00:00,,1,Harris
3384,2024-08-03 14:00:00,,2,Stadium
3383,2024-08-03 14:00:00,,3,Harris
3382,2024-08-03 13:00:00,,0,Harris
3381,2024-08-03 13:00:00,,1,Stadium
3380,2024-08-03 12:00:00,,0,Harris
3379,2024-08-03 12:00:00,,1,Stadium
3330,2024-08-03 01:00:00,,0,Harris
3329,2024-08-03 01:00:00,,0,Stadium
3328,2024-08-03 01:00:00,,0,Grandstand
3327,2024-08-03 00:00:00,,2,Stadium
3326,2024-08-03 00:00:00,,0,Harris
3325,2024-08-03 00:00:00,2024-08-03 00:33:15,0,Grandstand
3324,2024-08-02 23:00:00,,1,Stadium
3323,2024-08-02 23:00:00,,0,Grandstand
3322,2024-08-02 23:00:00,,0,Harris
3321,2024-08-02 22:00:00,,3,Stadium
3320,2024-08-02 22:00:00,,0,Grandstand
3319,2024-08-02 22:00:00,2024-08-02 22:12:15,0,Harris
3318,2024-08-02 21:00:00,,0,Harris
3317,2024-08-02 21:00:00,,5,Stadium
3316,2024-08-02 21:00:00,,0,Grandstand
3315,2024-08-02 20:00:00,2024-08-02 20:58:30,0,Harris
3314,2024-08-02 20:00:00,,2,Stadium
3313,2024-08-02 20:00:00,2024-08-02 20:30:24,0,Grandstand
3312,2024-08-02 19:00:00,,0,Grandstand
3311,2024-08-02 19:00:00,,3,Harris
3310,2024-08-02 19:00:00,,4,Stadium
3309,2024-08-02 18:00:00,,0,Grandstand
3308,2024-08-02 18:00:00,,5,Harris
3307,2024-08-02 18:00:00,,6,Stadium
3306,2024-08-02 17:00:00,,1,Stadium
3305,2024-08-02 17:00:00,,0,Grandstand
3304,2024-08-02 17:00:00,,2,Harris
3303,2024-08-02 16:00:00,,3,Stadium
3302,2024-08-02 16:00:00,,0,Grandstand
3301,2024-08-02 16:00:00,,4,Harris
3300,2024-08-02 15:00:00,,6,Harris
3299,2024-08-02 15:00:00,,5,Stadium
3298,2024-08-02 15:00:00,,0,Grandstand
3297,2024-08-02 14:00:00,,3,Harris
3296,2024-08-02 14:00:00,,2,Stadium
3295,2024-08-02 14:00:00,2024-08-02 14:49:38,1,Grandstand
3294,2024-08-02 13:00:00,,6,Grandstand
3293,2024-08-02 13:00:00,,5,Harris
3292,2024-08-02 13:00:00,,4,Stadium
3291,2024-08-02 12:00:00,,0,Grandstand
3290,2024-08-02 12:00:00,,2,Harris
3289,2024-08-02 12:00:00,,1,Stadium
3288,2024-08-02 00:00:00,,5,Stadium
3287,2024-08-02 00:00:00,,0,Harris
3286,2024-08-02 00:00:00,,0,Court 5
3285,2024-08-02 00:00:00,,0,Grandstand
3284,2024-08-02 00:00:00,,0,Court 4
3283,2024-08-01 23:00:00,,3,Stadium
3282,2024-08-01 23:00:00,,0,Harris
3281,2024-08-01 23:00:00,,0,Court 5
3280,2024-08-01 23:00:00,,0,Grandstand
3279,2024-08-01 23:00:00,,0,Court 4
3278,2024-08-01 22:00:00,,0,Court 5
3277,2024-08-01 21:00:00,,0,Court 5
3276,2024-08-01 20:00:00,,0,Court 5
3275,2024-08-01 19:00:00,,0,Court 5
3274,2024-08-01 18:00:00,,0,Court 5
3273,2024-08-01 17:00:00,,0,Court 5
3272,2024-08-01 16:00:00,,0,Court 5
3271,2024-08-01 15:00:00,,0,Court 5
3270,2024-08-01 14:00:00,,0,Court 5
3269,2024-08-01 13:00:00,,0,Court 5
3268,2024-08-01 12:00:00,,0,Court 5
3267,2024-08-01 11:00:00,,0,Court 5
3266,2024-08-01 22:00:00,,0,Harris
3265,2024-08-01 22:00:00,,0,Court 4
3264,2024-08-01 22:00:00,,6,Stadium
3263,2024-08-01 22:00:00,2024-08-01 22:00:45,0,Grandstand
3262,2024-08-01 21:00:00,,0,Harris
3261,2024-08-01 21:00:00,,0,Court 4
3260,2024-08-01 21:00:00,,2,Stadium
3259,2024-08-01 21:00:00,,0,Grandstand
3258,2024-08-01 20:00:00,,0,Grandstand
3257,2024-08-01 20:00:00,2024-08-01 20:04:43,7,Harris
3256,2024-08-01 20:00:00,,0,Court 4
3255,2024-08-01 20:00:00,2024-08-01 20:09:17,5,Stadium
3254,2024-08-01 19:00:00,2024-08-01 19:50:03,4,Grandstand
3253,2024-08-01 19:00:00,,3,Harris
3252,2024-08-01 19:00:00,2024-08-01 19:19:50,2,Court 4
3251,2024-08-01 19:00:00,2024-08-01 19:23:05,1,Stadium
3250,2024-08-01 18:00:00,,8,Stadium
3249,2024-08-01 18:00:00,,7,Grandstand
3248,2024-08-01 18:00:00,,6,Harris
3247,2024-08-01 18:00:00,,5,Court 4
3246,2024-08-01 17:00:00,,4,Stadium
3245,2024-08-01 17:00:00,,3,Grandstand
3244,2024-08-01 17:00:00,,2,Harris
3243,2024-08-01 17:00:00,,1,Court 4
3242,2024-08-01 16:00:00,,8,Court 4
3241,2024-08-01 16:00:00,,7,Stadium
3240,2024-08-01 16:00:00,,6,Grandstand
3239,2024-08-01 16:00:00,,5,Harris
3238,2024-08-01 15:00:00,,4,Court 4
3237,2024-08-01 15:00:00,,3,Stadium
3236,2024-08-01 15:00:00,,2,Grandstand
3235,2024-08-01 15:00:00,,1,Harris
3234,2024-08-01 14:00:00,,8,Harris
3233,2024-08-01 14:00:00,,7,Court 4
3232,2024-08-01 14:00:00,,6,Stadium
3231,2024-08-01 14:00:00,,5,Grandstand
3230,2024-08-01 13:00:00,,4,Harris
3229,2024-08-01 13:00:00,,3,Court 4
3228,2024-08-01 13:00:00,,2,Stadium
3227,2024-08-01 13:00:00,,1,Grandstand
3226,2024-08-01 12:00:00,,8,Grandstand
3225,2024-08-01 12:00:00,,7,Harris
3224,2024-08-01 12:00:00,,6,Court 4
3223,2024-08-01 12:00:00,,5,Stadium
3222,2024-08-01 11:00:00,,4,Grandstand
3221,2024-08-01 11:00:00,,3,Harris
3220,2024-08-01 11:00:00,,2,Court 4
3219,2024-08-01 11:00:00,,1,Stadium
3158,2024-07-31 18:00:00,,0,Harris
3157,2024-07-31 18:00:00,,0,Court 4
3156,2024-07-31 18:00:00,,0,Stadium
3155,2024-07-31 18:00:00,,0,Grandstand
3154,2024-07-31 18:00:00,,0,Court 5
3153,2024-07-31 16:00:00,,0,Court 5
3152,2024-07-31 16:00:00,,0,Harris
3151,2024-07-31 16:00:00,,0,Court 4
3150,2024-07-31 16:00:00,,0,Stadium
3149,2024-07-31 16:00:00,,0,Grandstand
3148,2024-07-31 17:00:00,,0,Court 5
3147,2024-07-31 17:00:00,,0,Harris
3146,2024-07-31 17:00:00,,0,Court 4
3145,2024-07-31 17:00:00,,0,Stadium
3144,2024-07-31 17:00:00,,0,Grandstand
3143,2024-08-01 01:00:00,,0,Grandstand
3142,2024-08-01 01:00:00,,0,Court 5
3141,2024-08-01 01:00:00,,0,Harris
3140,2024-08-01 01:00:00,,0,Court 4
3139,2024-08-01 01:00:00,2024-08-01 01:55:05,6,Stadium
3138,2024-08-01 00:00:00,,0,Grandstand
3137,2024-08-01 00:00:00,,0,Court 5
3136,2024-08-01 00:00:00,,0,Harris
3135,2024-08-01 00:00:00,,0,Court 4
3134,2024-08-01 00:00:00,2024-08-01 00:13:38,1,Stadium
3133,2024-07-31 23:00:00,,10,Stadium
3132,2024-07-31 23:00:00,,0,Grandstand
3131,2024-07-31 23:00:00,,0,Court 5
3130,2024-07-31 23:00:00,,0,Harris
3129,2024-07-31 23:00:00,2024-07-31 23:04:25,0,Court 4
3128,2024-07-31 22:00:00,,5,Stadium
3127,2024-07-31 22:00:00,,0,Grandstand
3126,2024-07-31 22:00:00,,0,Court 5
3125,2024-07-31 22:00:00,2024-07-31 22:50:30,3,Harris
3124,2024-07-31 22:00:00,2024-07-31 22:49:12,1,Court 4
3123,2024-07-31 21:00:00,,10,Court 4
3122,2024-07-31 21:00:00,,9,Stadium
3121,2024-07-31 21:00:00,2024-07-31 21:35:08,8,Grandstand
3120,2024-07-31 21:00:00,,0,Court 5
3119,2024-07-31 21:00:00,2024-07-31 21:50:32,6,Harris
3118,2024-07-31 20:00:00,,5,Court 4
3117,2024-07-31 20:00:00,,4,Stadium
3116,2024-07-31 20:00:00,,3,Grandstand
3115,2024-07-31 20:00:00,,0,Court 5
3114,2024-07-31 20:00:00,2024-07-31 20:02:05,1,Harris
3113,2024-07-31 19:00:00,,10,Harris
3112,2024-07-31 19:00:00,,9,Court 4
3111,2024-07-31 19:00:00,,8,Stadium
3110,2024-07-31 19:00:00,,7,Grandstand
3109,2024-07-31 19:00:00,2024-07-31 16:15:50,6,Court 5
3108,2024-07-31 15:00:00,,5,Harris
3107,2024-07-31 15:00:00,,4,Court 4
3106,2024-07-31 15:00:00,,3,Stadium
3105,2024-07-31 15:00:00,,2,Grandstand
3104,2024-07-31 15:00:00,,1,Court 5
3103,2024-07-31 14:00:00,,10,Court 5
3102,2024-07-31 14:00:00,,9,Harris
3101,2024-07-31 14:00:00,,8,Court 4
3100,2024-07-31 14:00:00,,7,Stadium
3099,2024-07-31 14:00:00,,6,Grandstand
3098,2024-07-31 13:00:00,,5,Court 5
3097,2024-07-31 13:00:00,,4,Harris
3096,2024-07-31 13:00:00,,3,Court 4
3095,2024-07-31 13:00:00,,2,Stadium
3094,2024-07-31 13:00:00,,1,Grandstand
3093,2024-07-31 12:00:00,,10,Grandstand
3092,2024-07-31 12:00:00,,9,Court 5
3091,2024-07-31 12:00:00,,8,Harris
3090,2024-07-31 12:00:00,,7,Court 4
3089,2024-07-31 12:00:00,,6,Stadium
3088,2024-07-31 11:00:00,,5,Grandstand
3087,2024-07-31 11:00:00,,4,Court 5
3086,2024-07-31 11:00:00,,3,Harris
3085,2024-07-31 11:00:00,,2,Court 4
3084,2024-07-31 11:00:00,,1,Stadium
3083,2024-07-31 00:00:00,,0,Court 5
3082,2024-07-31 00:00:00,,0,Harris
3081,2024-07-31 00:00:00,,0,Stadium
3080,2024-07-31 00:00:00,,0,Grandstand
3079,2024-07-31 00:00:00,,0,Court 4
3073,2024-07-30 18:00:00,,0,Stadium
3072,2024-07-30 18:00:00,,0,Grandstand
3071,2024-07-30 18:00:00,,0,Harris
3070,2024-07-30 18:00:00,,0,Court 5
3069,2024-07-30 18:00:00,,0,Court 4
3068,2024-07-30 23:00:00,,0,Grandstand
3067,2024-07-30 23:00:00,,0,Court 5
3066,2024-07-30 23:00:00,,0,Harris
3065,2024-07-30 23:00:00,,0,Court 4
3064,2024-07-30 23:00:00,,6,Stadium
3063,2024-07-30 22:00:00,,0,Grandstand
3062,2024-07-30 22:00:00,,0,Court 5
3061,2024-07-30 22:00:00,,0,Harris
3060,2024-07-30 22:00:00,,0,Court 4
3059,2024-07-30 22:00:00,2024-07-30 22:58:43,1,Stadium
3058,2024-07-30 21:00:00,,10,Stadium
3057,2024-07-30 21:00:00,,0,Grandstand
3056,2024-07-30 21:00:00,,0,Court 5
3055,2024-07-30 21:00:00,,0,Harris
3054,2024-07-30 21:00:00,2024-07-30 21:00:09,0,Court 4
3053,2024-07-30 20:00:00,,5,Stadium
3052,2024-07-30 20:00:00,,4,Grandstand
3051,2024-07-30 20:00:00,,0,Court 5
3050,2024-07-30 20:00:00,,2,Harris
3049,2024-07-30 20:00:00,2024-07-30 20:56:53,0,Court 4
3048,2024-07-30 19:00:00,2024-07-30 18:20:17,10,Court 4
3047,2024-07-30 19:00:00,,9,Stadium
3046,2024-07-30 19:00:00,,8,Grandstand
3045,2024-07-30 19:00:00,2024-07-30 18:48:12,7,Court 5
3044,2024-07-30 19:00:00,2024-07-30 18:51:18,6,Harris
3043,2024-07-30 17:00:00,,5,Court 4
3042,2024-07-30 17:00:00,,4,Stadium
3041,2024-07-30 17:00:00,,3,Grandstand
3040,2024-07-30 17:00:00,,2,Court 5
3039,2024-07-30 17:00:00,,1,Harris
3038,2024-07-30 16:00:00,,10,Harris
3037,2024-07-30 16:00:00,,9,Court 4
3036,2024-07-30 16:00:00,,8,Stadium
3035,2024-07-30 16:00:00,,7,Grandstand
3034,2024-07-30 16:00:00,,6,Court 5
3033,2024-07-30 15:00:00,,5,Harris
3032,2024-07-30 15:00:00,,4,Court 4
3031,2024-07-30 15:00:00,,3,Stadium
3030,2024-07-30 15:00:00,,2,Grandstand
3029,2024-07-30 15:00:00,,1,Court 5
3028,2024-07-30 14:00:00,,10,Court 5
3027,2024-07-30 14:00:00,,9,Harris
3026,2024-07-30 14:00:00,,8,Court 4
3025,2024-07-30 14:00:00,,7,Stadium
3024,2024-07-30 14:00:00,,6,Grandstand
3023,2024-07-30 13:00:00,,5,Court 5
3022,2024-07-30 13:00:00,,4,Harris
3021,2024-07-30 13:00:00,,3,Court 4
3020,2024-07-30 13:00:00,,2,Stadium
3019,2024-07-30 13:00:00,,1,Grandstand
3018,2024-07-30 12:00:00,,10,Grandstand
3017,2024-07-30 12:00:00,,9,Court 5
3016,2024-07-30 12:00:00,,8,Harris
3015,2024-07-30 12:00:00,,7,Court 4
3014,2024-07-30 12:00:00,,6,Stadium
3013,2024-07-30 11:00:00,,5,Grandstand
3012,2024-07-30 11:00:00,,4,Court 5
3011,2024-07-30 11:00:00,,3,Harris
3010,2024-07-30 11:00:00,,2,Court 4
3009,2024-07-30 11:00:00,,1,Stadium
3008,2024-07-30 02:00:00,,0,Stadium
3007,2024-07-30 02:00:00,,0,Harris
3006,2024-07-30 02:00:00,,0,Court 5
3005,2024-07-30 02:00:00,,0,Grandstand
3004,2024-07-30 02:00:00,2024-07-30 02:10:26,0,Court 4
3003,2024-07-30 01:00:00,,6,Stadium
3002,2024-07-30 01:00:00,,0,Harris
3001,2024-07-30 01:00:00,,0,Court 5
3000,2024-07-30 01:00:00,,0,Grandstand
2999,2024-07-30 01:00:00,,0,Court 4
2998,2024-07-30 00:00:00,,6,Stadium
2997,2024-07-30 00:00:00,,0,Harris
2996,2024-07-30 00:00:00,,0,Court 5
2995,2024-07-30 00:00:00,,0,Grandstand
2994,2024-07-30 00:00:00,,0,Court 4
2983,2024-07-29 19:00:00,,0,Court 4
2982,2024-07-29 19:00:00,,0,Court 5
2981,2024-07-29 19:00:00,,0,Stadium
2980,2024-07-29 19:00:00,,0,Grandstand
2979,2024-07-29 19:00:00,,0,Stadium
2978,2024-07-29 19:00:00,,0,Grandstand
2977,2024-07-29 19:00:00,,0,Harris
2976,2024-07-29 19:00:00,,0,Harris
2975,2024-07-29 19:00:00,,0,Court 4
2974,2024-07-29 19:00:00,,0,Court 5
2963,2024-07-29 18:00:00,,0,Harris
2962,2024-07-29 18:00:00,,0,Harris
2961,2024-07-29 18:00:00,,0,Court 4
2960,2024-07-29 18:00:00,,0,Court 4
2959,2024-07-29 18:00:00,,0,Court 5
2958,2024-07-29 18:00:00,,0,Court 5
2957,2024-07-29 18:00:00,,0,Stadium
2956,2024-07-29 18:00:00,,0,Grandstand
2955,2024-07-29 18:00:00,,0,Stadium
2954,2024-07-29 18:00:00,,0,Grandstand
2953,2024-07-29 23:00:00,,2,Stadium
2952,2024-07-29 23:00:00,2024-07-29 23:13:06,0,Harris
2951,2024-07-29 23:00:00,,0,Court 5
2950,2024-07-29 23:00:00,2024-07-29 23:06:56,0,Grandstand
2949,2024-07-29 23:00:00,2024-07-29 23:14:00,0,Court 4
2933,2024-07-29 22:00:00,,10,Stadium
2932,2024-07-29 22:00:00,,6,Harris
2931,2024-07-29 22:00:00,,0,Court 5
2930,2024-07-29 22:00:00,,9,Grandstand
2929,2024-07-29 22:00:00,,0,Court 4
2908,2024-07-29 21:00:00,,5,Stadium
2907,2024-07-29 21:00:00,,4,Grandstand
2906,2024-07-29 21:00:00,,0,Court 5
2905,2024-07-29 21:00:00,,2,Harris
2904,2024-07-29 21:00:00,,0,Court 4
2903,2024-07-29 20:00:00,,0,Court 4
2902,2024-07-29 20:00:00,,9,Stadium
2901,2024-07-29 20:00:00,,8,Grandstand
2900,2024-07-29 20:00:00,,0,Court 5
2899,2024-07-29 20:00:00,2024-07-29 18:05:12,6,Harris
2898,2024-07-29 17:00:00,,0,Court 4
2897,2024-07-29 17:00:00,,4,Stadium
2896,2024-07-29 17:00:00,,3,Grandstand
2895,2024-07-29 17:00:00,,0,Court 5
2894,2024-07-29 17:00:00,,1,Harris
2893,2024-07-29 16:00:00,,10,Harris
2892,2024-07-29 16:00:00,2024-07-29 16:46:53,9,Court 4
2891,2024-07-29 16:00:00,,8,Stadium
2890,2024-07-29 16:00:00,,7,Grandstand
2889,2024-07-29 16:00:00,2024-07-29 16:11:48,6,Court 5
2888,2024-07-29 15:00:00,,5,Harris
2887,2024-07-29 15:00:00,,4,Court 4
2886,2024-07-29 15:00:00,,3,Stadium
2885,2024-07-29 15:00:00,,2,Grandstand
2884,2024-07-29 15:00:00,,1,Court 5
2883,2024-07-29 14:00:00,,10,Court 5
2882,2024-07-29 14:00:00,,9,Harris
2881,2024-07-29 14:00:00,,8,Court 4
2880,2024-07-29 14:00:00,,7,Stadium
2879,2024-07-29 14:00:00,,6,Grandstand
2878,2024-07-29 13:00:00,,5,Court 5
2877,2024-07-29 13:00:00,,4,Harris
2876,2024-07-29 13:00:00,,3,Court 4
2875,2024-07-29 13:00:00,,2,Stadium
2874,2024-07-29 13:00:00,,1,Grandstand
2873,2024-07-29 12:00:00,,10,Grandstand
2872,2024-07-29 12:00:00,,9,Court 5
2871,2024-07-29 12:00:00,,8,Harris
2870,2024-07-29 12:00:00,,7,Court 4
2869,2024-07-29 12:00:00,,6,Stadium
2868,2024-07-29 11:00:00,,5,Grandstand
2867,2024-07-29 11:00:00,,4,Court 5
2866,2024-07-29 11:00:00,,3,Harris
2865,2024-07-29 11:00:00,,2,Court 4
2864,2024-07-29 11:00:00,,1,Stadium
2848,2024-07-29 21:00:00,,5,Stadium
2847,2024-07-29 21:00:00,,4,Grandstand
2846,2024-07-29 21:00:00,,0,Court 5
2845,2024-07-29 21:00:00,,0,Harris
2844,2024-07-29 21:00:00,,0,Court 4
2843,2024-07-29 20:00:00,,0,Court 4
2842,2024-07-29 20:00:00,,9,Stadium
2841,2024-07-29 20:00:00,,8,Grandstand
2840,2024-07-29 20:00:00,,0,Court 5
2839,2024-07-29 20:00:00,2024-07-29 20:56:06,6,Harris
2838,2024-07-29 17:00:00,,0,Court 4
2837,2024-07-29 17:00:00,,4,Stadium
2836,2024-07-29 17:00:00,,3,Grandstand
2835,2024-07-29 17:00:00,,0,Court 5
2834,2024-07-29 17:00:00,2024-07-29 17:49:23,1,Harris
2833,2024-07-29 16:00:00,,10,Harris
2832,2024-07-29 16:00:00,2024-07-29 16:46:53,9,Court 4
2831,2024-07-29 16:00:00,,8,Stadium
2830,2024-07-29 16:00:00,,7,Grandstand
2829,2024-07-29 16:00:00,2024-07-29 16:11:48,6,Court 5
2828,2024-07-29 15:00:00,,5,Harris
2827,2024-07-29 15:00:00,,4,Court 4
2826,2024-07-29 15:00:00,,3,Stadium
2825,2024-07-29 15:00:00,,2,Grandstand
2824,2024-07-29 15:00:00,,1,Court 5
2823,2024-07-29 14:00:00,,10,Court 5
2822,2024-07-29 14:00:00,,9,Harris
2821,2024-07-29 14:00:00,,8,Court 4
2820,2024-07-29 14:00:00,,7,Stadium
2819,2024-07-29 14:00:00,,6,Grandstand
2818,2024-07-29 13:00:00,,5,Court 5
2817,2024-07-29 13:00:00,,4,Harris
2816,2024-07-29 13:00:00,,3,Court 4
2815,2024-07-29 13:00:00,,2,Stadium
2814,2024-07-29 13:00:00,,1,Grandstand
2813,2024-07-29 12:00:00,,10,Grandstand
2812,2024-07-29 12:00:00,,9,Court 5
2811,2024-07-29 12:00:00,,8,Harris
2810,2024-07-29 12:00:00,,7,Court 4
2809,2024-07-29 12:00:00,,6,Stadium
2808,2024-07-29 11:00:00,,5,Grandstand
2807,2024-07-29 11:00:00,,4,Court 5
2806,2024-07-29 11:00:00,,3,Harris
2805,2024-07-29 11:00:00,,2,Court 4
2804,2024-07-29 11:00:00,,1,Stadium
2803,2024-07-28 19:00:00,,0,Grandstand
2802,2024-07-28 19:00:00,,0,Harris
2801,2024-07-28 19:00:00,,0,Court 4
2800,2024-07-28 19:00:00,,0,Stadium
2799,2024-07-28 18:00:00,,0,Grandstand
2798,2024-07-28 18:00:00,,0,Harris
2797,2024-07-28 18:00:00,,0,Court 4
2796,2024-07-28 18:00:00,,0,Stadium
2795,2024-07-28 17:00:00,,10,Stadium
2794,2024-07-28 17:00:00,,0,Grandstand
2793,2024-07-28 17:00:00,,0,Harris
2792,2024-07-28 17:00:00,2024-07-28 17:48:09,0,Court 4
2791,2024-07-28 16:00:00,,9,Stadium
2790,2024-07-28 16:00:00,,0,Grandstand
2789,2024-07-28 16:00:00,,0,Harris
2788,2024-07-28 16:00:00,2024-07-28 16:52:57,8,Court 4
2787,2024-07-28 15:00:00,,8,Court 4
2786,2024-07-28 15:00:00,,0,Stadium
2785,2024-07-28 15:00:00,,6,Grandstand
2784,2024-07-28 15:00:00,2024-07-28 15:38:51,5,Harris
2783,2024-07-28 14:00:00,,4,Court 4
2782,2024-07-28 14:00:00,,0,Stadium
2781,2024-07-28 14:00:00,,2,Grandstand
2780,2024-07-28 14:00:00,2024-07-28 14:24:36,1,Harris
2779,2024-07-28 13:00:00,,8,Harris
2778,2024-07-28 13:00:00,,7,Court 4
2777,2024-07-28 13:00:00,2024-07-28 13:40:26,6,Stadium
2776,2024-07-28 13:00:00,2024-07-28 13:42:36,5,Grandstand
2775,2024-07-28 12:00:00,,4,Harris
2774,2024-07-28 12:00:00,,3,Court 4
2773,2024-07-28 12:00:00,,2,Stadium
2772,2024-07-28 12:00:00,,1,Grandstand
2771,2024-07-28 11:00:00,,8,Grandstand
2770,2024-07-28 11:00:00,,7,Harris
2769,2024-07-28 11:00:00,,6,Court 4
2768,2024-07-28 11:00:00,,5,Stadium
2767,2024-07-28 10:00:00,,4,Grandstand
2766,2024-07-28 10:00:00,,3,Harris
2765,2024-07-28 10:00:00,,2,Court 4
2764,2024-07-28 10:00:00,,1,Stadium
2763,2024-07-27 21:00:00,,0,Grandstand
2762,2024-07-27 21:00:00,,0,Court 5
2761,2024-07-27 21:00:00,,0,Harris
2760,2024-07-27 21:00:00,,0,Court 4
2759,2024-07-27 21:00:00,,0,Stadium
2758,2024-07-27 20:00:00,,0,Grandstand
2757,2024-07-27 20:00:00,,0,Court 5
2756,2024-07-27 20:00:00,,0,Harris
2755,2024-07-27 20:00:00,,0,Court 4
2754,2024-07-27 20:00:00,,0,Stadium
2753,2024-07-27 19:00:00,,0,Stadium
2752,2024-07-27 19:00:00,,0,Grandstand
2751,2024-07-27 19:00:00,,0,Court 5
2750,2024-07-27 19:00:00,,0,Harris
2749,2024-07-27 19:00:00,,0,Court 4
2748,2024-07-27 18:00:00,,0,Stadium
2747,2024-07-27 18:00:00,,0,Grandstand
2746,2024-07-27 18:00:00,2024-07-27 18:26:10,3,Court 5
2745,2024-07-27 18:00:00,2024-07-27 18:33:33,2,Harris
2744,2024-07-27 18:00:00,2024-07-27 18:33:42,0,Court 4
2743,2024-07-27 17:00:00,,10,Court 4
2742,2024-07-27 17:00:00,2024-07-27 17:28:30,9,Stadium
2741,2024-07-27 17:00:00,2024-07-27 17:58:01,8,Grandstand
2740,2024-07-27 17:00:00,,7,Court 5
2739,2024-07-27 17:00:00,2024-07-27 17:57:24,6,Harris
2738,2024-07-27 16:00:00,,5,Court 4
2737,2024-07-27 16:00:00,,4,Stadium
2736,2024-07-27 16:00:00,,3,Grandstand
2735,2024-07-27 16:00:00,,2,Court 5
2734,2024-07-27 16:00:00,,1,Harris
2733,2024-07-27 15:00:00,,10,Harris
2732,2024-07-27 15:00:00,,9,Court 4
2731,2024-07-27 15:00:00,,8,Stadium
2730,2024-07-27 15:00:00,,7,Grandstand
2729,2024-07-27 15:00:00,,6,Court 5
2728,2024-07-27 14:00:00,,5,Harris
2727,2024-07-27 14:00:00,,4,Court 4
2726,2024-07-27 14:00:00,,3,Stadium
2725,2024-07-27 14:00:00,,2,Grandstand
2724,2024-07-27 14:00:00,,1,Court 5
2723,2024-07-27 13:00:00,,10,Court 5
2722,2024-07-27 13:00:00,,9,Harris
2721,2024-07-27 13:00:00,,8,Court 4
2720,2024-07-27 13:00:00,,7,Stadium
2719,2024-07-27 13:00:00,,6,Grandstand
2718,2024-07-27 12:00:00,,5,Court 5
2717,2024-07-27 12:00:00,,4,Harris
2716,2024-07-27 12:00:00,,3,Court 4
2715,2024-07-27 12:00:00,,2,Stadium
2714,2024-07-27 12:00:00,,1,Grandstand
2713,2024-07-27 11:00:00,,10,Grandstand
2712,2024-07-27 11:00:00,,9,Court 5
2711,2024-07-27 11:00:00,,8,Harris
2710,2024-07-27 11:00:00,,7,Court 4
2709,2024-07-27 11:00:00,,6,Stadium
2708,2024-07-27 10:00:00,,5,Grandstand
2707,2024-07-27 10:00:00,,4,Court 5
2706,2024-07-27 10:00:00,,3,Harris
2705,2024-07-27 10:00:00,,2,Court 4
2704,2024-07-27 10:00:00,,1,Stadium
1850,2023-10-09 11:00:00,,0,Grandstand
1849,2023-10-09 11:00:00,,0,Court 5
1848,2023-10-09 11:00:00,,0,Harris
1847,2023-10-09 11:00:00,,0,Court 4
1846,2023-10-09 11:00:00,,0,Stadium
1845,2023-10-09 23:00:00,,10,Grandstand
1844,2023-10-09 23:00:00,,9,Court 5
1843,2023-10-09 23:00:00,,8,Harris
1842,2023-10-09 23:00:00,,7,Court 4
1841,2023-10-09 23:00:00,,6,Stadium
1840,2023-10-09 22:00:00,,5,Grandstand
1839,2023-10-09 22:00:00,,4,Court 5
1838,2023-10-09 22:00:00,,3,Harris
1837,2023-10-09 22:00:00,,2,Court 4
1836,2023-10-09 22:00:00,,1,Stadium
1835,2023-10-09 21:00:00,,10,Stadium
1834,2023-10-09 21:00:00,,9,Grandstand
1833,2023-10-09 21:00:00,,8,Court 5
1832,2023-10-09 21:00:00,,7,Harris
1831,2023-10-09 21:00:00,,6,Court 4
1830,2023-10-09 20:00:00,,5,Stadium
1829,2023-10-09 20:00:00,,4,Grandstand
1828,2023-10-09 20:00:00,,3,Court 5
1827,2023-10-09 20:00:00,,2,Harris
1826,2023-10-09 20:00:00,,1,Court 4
1825,2023-10-09 19:00:00,,10,Court 4
1824,2023-10-09 19:00:00,,9,Stadium
1823,2023-10-09 19:00:00,,8,Grandstand
1822,2023-10-09 19:00:00,,7,Court 5
1821,2023-10-09 19:00:00,,6,Harris
1820,2023-10-09 18:00:00,,5,Court 4
1819,2023-10-09 18:00:00,,4,Stadium
1818,2023-10-09 18:00:00,,3,Grandstand
1817,2023-10-09 18:00:00,,2,Court 5
1816,2023-10-09 18:00:00,,1,Harris
1815,2023-10-09 17:00:00,,10,Harris
1814,2023-10-09 17:00:00,,9,Court 4
1813,2023-10-09 17:00:00,,8,Stadium
1812,2023-10-09 17:00:00,,7,Grandstand
1811,2023-10-09 17:00:00,,6,Court 5
1810,2023-10-09 16:00:00,,5,Harris
1809,2023-10-09 16:00:00,,4,Court 4
1808,2023-10-09 16:00:00,,3,Stadium
1807,2023-10-09 16:00:00,,2,Grandstand
1806,2023-10-09 16:00:00,,1,Court 5
1805,2023-10-09 15:00:00,,10,Court 5
1804,2023-10-09 15:00:00,,9,Harris
1803,2023-10-09 15:00:00,,8,Court 4
1802,2023-10-09 15:00:00,,7,Stadium
1801,2023-10-09 15:00:00,,6,Grandstand
1800,2023-10-09 14:00:00,,5,Court 5
1799,2023-10-09 14:00:00,,4,Harris
1798,2023-10-09 14:00:00,,3,Court 4
1797,2023-10-09 14:00:00,,2,Stadium
1796,2023-10-09 14:00:00,,1,Grandstand
1795,2023-10-09 13:00:00,,10,Grandstand
1794,2023-10-09 13:00:00,,9,Court 5
1793,2023-10-09 13:00:00,,8,Harris
1792,2023-10-09 13:00:00,,7,Court 4
1791,2023-10-09 13:00:00,,6,Stadium
1790,2023-10-09 12:00:00,,5,Grandstand
1789,2023-10-09 12:00:00,,4,Court 5
1788,2023-10-09 12:00:00,,3,Harris
1787,2023-10-09 12:00:00,,2,Court 4
1786,2023-10-09 12:00:00,,1,Stadium
1785,2023-08-23 23:00:00,,10,Grandstand
1784,2023-08-23 23:00:00,,9,Court 5
1783,2023-08-23 23:00:00,,8,Harris
1782,2023-08-23 23:00:00,,7,Court 4
1781,2023-08-23 23:00:00,,6,Stadium
1780,2023-08-23 22:00:00,,5,Grandstand
1779,2023-08-23 22:00:00,,4,Court 5
1778,2023-08-23 22:00:00,,3,Harris
1777,2023-08-23 22:00:00,,2,Court 4
1776,2023-08-23 22:00:00,,1,Stadium
1775,2023-08-23 21:00:00,,10,Stadium
1774,2023-08-23 21:00:00,,9,Grandstand
1773,2023-08-23 21:00:00,,8,Court 5
1772,2023-08-23 21:00:00,,7,Harris
1771,2023-08-23 21:00:00,,6,Court 4
1770,2023-08-23 20:00:00,,5,Stadium
1769,2023-08-23 20:00:00,,4,Grandstand
1768,2023-08-23 20:00:00,,3,Court 5
1767,2023-08-23 20:00:00,,2,Harris
1766,2023-08-23 20:00:00,,1,Court 4
1765,2023-08-23 19:00:00,,10,Court 4
1764,2023-08-23 19:00:00,,9,Stadium
1763,2023-08-23 19:00:00,,8,Grandstand
1762,2023-08-23 19:00:00,,7,Court 5
1761,2023-08-23 19:00:00,,6,Harris
1760,2023-08-23 18:00:00,,5,Court 4
1759,2023-08-23 18:00:00,,4,Stadium
1758,2023-08-23 18:00:00,,3,Grandstand
1757,2023-08-23 18:00:00,,2,Court 5
1756,2023-08-23 18:00:00,,1,Harris
1755,2023-08-23 17:00:00,,10,Harris
1754,2023-08-23 17:00:00,,9,Court 4
1753,2023-08-23 17:00:00,,8,Stadium
1752,2023-08-23 17:00:00,,7,Grandstand
1751,2023-08-23 17:00:00,,6,Court 5
1750,2023-08-23 16:00:00,,5,Harris
1749,2023-08-23 16:00:00,,4,Court 4
1748,2023-08-23 16:00:00,,3,Stadium
1747,2023-08-23 16:00:00,,2,Grandstand
1746,2023-08-23 16:00:00,,1,Court 5
1745,2023-08-23 15:00:00,,10,Court 5
1744,2023-08-23 15:00:00,,9,Harris
1743,2023-08-23 15:00:00,,8,Court 4
1742,2023-08-23 15:00:00,,7,Stadium
1741,2023-08-23 15:00:00,,6,Grandstand
1740,2023-08-23 14:00:00,,5,Court 5
1739,2023-08-23 14:00:00,,4,Harris
1738,2023-08-23 14:00:00,,3,Court 4
1737,2023-08-23 14:00:00,,2,Stadium
1736,2023-08-23 14:00:00,,1,Grandstand
1735,2023-08-23 13:00:00,,10,Grandstand
1734,2023-08-23 13:00:00,,9,Court 5
1733,2023-08-23 13:00:00,,8,Harris
1732,2023-08-23 13:00:00,,7,Court 4
1731,2023-08-23 13:00:00,,6,Stadium
1730,2023-08-23 12:00:00,,5,Grandstand
1729,2023-08-23 12:00:00,,4,Court 5
1728,2023-08-23 12:00:00,,3,Harris
1727,2023-08-23 12:00:00,,2,Court 4
1726,2023-08-23 12:00:00,,1,Stadium
1725,2023-08-06 20:00:00,,3,Stadium
1724,2023-08-06 19:00:00,,3,Stadium
1723,2023-08-06 18:00:00,,3,Stadium
1722,2023-08-06 17:00:00,,3,Stadium
1721,2023-08-06 16:00:00,,2,Stadium
1720,2023-08-06 15:00:00,,2,Stadium
1719,2023-08-06 14:00:00,,2,Stadium
1718,2023-08-06 13:00:00,,1,Stadium
1717,2023-08-06 12:00:00,,1,Stadium
1716,2023-08-05 23:00:00,,0,Harris
1715,2023-08-05 22:00:00,,0,Harris
1714,2023-08-05 21:00:00,,0,Harris
1713,2023-08-05 20:00:00,,0,Harris
1712,2023-08-05 19:00:00,,0,Harris
1711,2023-08-05 18:00:00,,0,Harris
1710,2023-08-05 17:00:00,,0,Harris
1709,2023-08-05 16:00:00,,1,Harris
1708,2023-08-05 15:00:00,,1,Harris
1707,2023-08-05 14:00:00,,0,Harris
1706,2023-08-05 13:00:00,,0,Harris
1705,2023-08-05 12:00:00,,0,Harris
1704,2023-08-05 23:00:00,2023-08-05 23:02:53,3,Stadium
1703,2023-08-05 22:00:00,,4,Stadium
1702,2023-08-05 21:00:00,,0,Stadium
1701,2023-08-05 20:00:00,2023-08-05 20:17:39,2,Stadium
1700,2023-08-05 19:00:00,,4,Stadium
1699,2023-08-05 18:00:00,,3,Stadium
1698,2023-08-05 17:00:00,,2,Stadium
1697,2023-08-05 16:00:00,,4,Stadium
1696,2023-08-05 15:00:00,,3,Stadium
1695,2023-08-05 14:00:00,,2,Stadium
1694,2023-08-05 13:00:00,,1,Stadium
1693,2023-08-05 12:00:00,,1,Stadium
1692,2023-08-04 23:00:00,,0,Harris
1691,2023-08-04 23:00:00,,0,Court 4
1690,2023-08-04 23:00:00,2023-08-04 23:31:36,7,Stadium
1689,2023-08-04 23:00:00,,0,Grandstand
1688,2023-08-04 22:00:00,2023-08-04 22:09:37,0,Harris
1687,2023-08-04 22:00:00,,0,Court 4
1686,2023-08-04 22:00:00,,3,Stadium
1685,2023-08-04 22:00:00,,0,Grandstand
1684,2023-08-04 21:00:00,,0,Grandstand
1683,2023-08-04 21:00:00,,7,Harris
1682,2023-08-04 21:00:00,,0,Court 4
1681,2023-08-04 21:00:00,,0,Stadium
1680,2023-08-04 20:00:00,,0,Grandstand
1679,2023-08-04 20:00:00,,3,Harris
1678,2023-08-04 20:00:00,,0,Court 4
1677,2023-08-04 20:00:00,,0,Stadium
1676,2023-08-04 19:00:00,,0,Stadium
1675,2023-08-04 19:00:00,2023-08-04 19:49:09,0,Grandstand
1674,2023-08-04 19:00:00,,0,Harris
1673,2023-08-04 19:00:00,,0,Court 4
1672,2023-08-04 18:00:00,,0,Stadium
1671,2023-08-04 18:00:00,,3,Grandstand
1670,2023-08-04 18:00:00,,0,Harris
1669,2023-08-04 18:00:00,,0,Court 4
1668,2023-08-04 17:00:00,,0,Court 4
1667,2023-08-04 17:00:00,,7,Stadium
1666,2023-08-04 17:00:00,,0,Grandstand
1665,2023-08-04 17:00:00,,0,Harris
1664,2023-08-04 16:00:00,,0,Court 4
1663,2023-08-04 16:00:00,,3,Stadium
1662,2023-08-04 16:00:00,,0,Grandstand
1661,2023-08-04 16:00:00,,0,Harris
1660,2023-08-04 15:00:00,,8,Harris
1659,2023-08-04 15:00:00,,7,Court 4
1658,2023-08-04 15:00:00,,0,Stadium
1657,2023-08-04 15:00:00,,0,Grandstand
1656,2023-08-04 14:00:00,,4,Harris
1655,2023-08-04 14:00:00,2023-08-04 14:42:34,3,Court 4
1654,2023-08-04 14:00:00,,2,Stadium
1653,2023-08-04 14:00:00,2023-08-04 14:06:40,1,Grandstand
1652,2023-08-04 13:00:00,,8,Grandstand
1651,2023-08-04 13:00:00,,7,Harris
1650,2023-08-04 13:00:00,,6,Court 4
1649,2023-08-04 13:00:00,,5,Stadium
1648,2023-08-04 12:00:00,,4,Grandstand
1647,2023-08-04 12:00:00,,3,Harris
1646,2023-08-04 12:00:00,,2,Court 4
1645,2023-08-04 12:00:00,,1,Stadium
1644,2023-08-03 22:00:00,,0,Court 4
1643,2023-08-03 22:00:00,,0,Stadium
1642,2023-08-03 22:00:00,,0,Harris
1641,2023-08-03 22:00:00,,0,Grandstand
1640,2023-08-03 22:00:00,,0,Court 5
1639,2023-08-03 23:00:00,,0,Court 4
1638,2023-08-03 23:00:00,,0,Stadium
1637,2023-08-03 23:00:00,,0,Harris
1636,2023-08-03 23:00:00,,0,Grandstand
1635,2023-08-03 23:00:00,,0,Court 5
1634,2023-08-03 21:00:00,,0,Court 4
1633,2023-08-03 21:00:00,,0,Stadium
1632,2023-08-03 21:00:00,,0,Harris
1631,2023-08-03 21:00:00,,0,Grandstand
1630,2023-08-03 21:00:00,,0,Court 5
1629,2023-08-03 20:00:00,,0,Stadium
1628,2023-08-03 20:00:00,,0,Court 4
1627,2023-08-03 20:00:00,,0,Harris
1626,2023-08-03 20:00:00,,0,Grandstand
1625,2023-08-03 20:00:00,,0,Court 5
1624,2023-08-03 19:00:00,,0,Court 5
1623,2023-08-03 19:00:00,,0,Stadium
1622,2023-08-03 19:00:00,,0,Court 4
1621,2023-08-03 19:00:00,,0,Harris
1620,2023-08-03 19:00:00,,0,Grandstand
1619,2023-08-03 18:00:00,,0,Court 4
1618,2023-08-03 18:00:00,,0,Harris
1617,2023-08-03 18:00:00,,0,Grandstand
1616,2023-08-03 18:00:00,,0,Stadium
1615,2023-08-03 18:00:00,,0,Court 5
1614,2023-08-03 17:00:00,,0,Grandstand
1613,2023-08-03 17:00:00,,0,Stadium
1612,2023-08-03 17:00:00,,0,Court 5
1611,2023-08-03 17:00:00,,0,Court 4
1610,2023-08-03 17:00:00,,0,Harris
1574,2023-08-03 16:00:00,,1,Harris
1573,2023-08-03 16:00:00,,0,Court 4
1572,2023-08-03 16:00:00,,3,Stadium
1571,2023-08-03 16:00:00,,2,Grandstand
1570,2023-08-03 16:00:00,,10,Court 5
1569,2023-08-03 15:00:00,,0,Court 5
1568,2023-08-03 15:00:00,,9,Harris
1567,2023-08-03 15:00:00,,0,Court 4
1566,2023-08-03 15:00:00,,7,Stadium
1565,2023-08-03 15:00:00,,6,Grandstand
1564,2023-08-03 14:00:00,,0,Court 5
1563,2023-08-03 14:00:00,,0,Harris
1562,2023-08-03 14:00:00,,3,Court 4
1561,2023-08-03 14:00:00,,2,Stadium
1560,2023-08-03 14:00:00,,1,Grandstand
1559,2023-08-03 13:00:00,,9,Grandstand
1558,2023-08-03 13:00:00,,0,Court 5
1557,2023-08-03 13:00:00,,0,Harris
1556,2023-08-03 13:00:00,,7,Court 4
1555,2023-08-03 13:00:00,,6,Stadium
1554,2023-08-03 12:00:00,,0,Grandstand
1553,2023-08-03 12:00:00,,0,Court 5
1552,2023-08-03 12:00:00,,3,Harris
1551,2023-08-03 12:00:00,,0,Court 4
1550,2023-08-03 12:00:00,,1,Stadium
1369,2023-08-02 23:00:00,,0,Grandstand
1368,2023-08-02 23:00:00,,0,Court 5
1367,2023-08-02 23:00:00,,0,Harris
1366,2023-08-02 23:00:00,,0,Court 4
1365,2023-08-02 23:00:00,,0,Stadium
1364,2023-08-02 22:00:00,,0,Grandstand
1363,2023-08-02 22:00:00,,0,Court 5
1362,2023-08-02 22:00:00,,0,Harris
1361,2023-08-02 22:00:00,,0,Court 4
1360,2023-08-02 22:00:00,,0,Stadium
1359,2023-08-02 21:00:00,,10,Stadium
1358,2023-08-02 21:00:00,2023-08-02 21:45:38,0,Grandstand
1357,2023-08-02 21:00:00,,0,Court 5
1356,2023-08-02 21:00:00,,9,Harris
1355,2023-08-02 21:00:00,2023-08-02 21:38:27,0,Court 4
1354,2023-08-02 20:00:00,,5,Stadium
1353,2023-08-02 20:00:00,,0,Grandstand
1352,2023-08-02 20:00:00,,0,Court 5
1351,2023-08-02 20:00:00,,2,Harris
1350,2023-08-02 20:00:00,,0,Court 4
1349,2023-08-02 19:00:00,2023-08-02 19:45:45,10,Court 4
1348,2023-08-02 19:00:00,,9,Stadium
1347,2023-08-02 19:00:00,,0,Grandstand
1346,2023-08-02 19:00:00,,0,Court 5
1345,2023-08-02 19:00:00,,6,Harris
1344,2023-08-02 18:00:00,,5,Court 4
1343,2023-08-02 18:00:00,,4,Stadium
1342,2023-08-02 18:00:00,2023-08-02 18:56:56,3,Grandstand
1341,2023-08-02 18:00:00,,2,Court 5
1340,2023-08-02 18:00:00,,1,Harris
1339,2023-08-02 17:00:00,,10,Harris
1338,2023-08-02 17:00:00,,9,Court 4
1337,2023-08-02 17:00:00,,8,Stadium
1336,2023-08-02 17:00:00,,7,Grandstand
1335,2023-08-02 17:00:00,2023-08-02 17:50:51,6,Court 5
1334,2023-08-02 16:00:00,,5,Harris
1333,2023-08-02 16:00:00,,4,Court 4
1332,2023-08-02 16:00:00,,3,Stadium
1331,2023-08-02 16:00:00,,2,Grandstand
1330,2023-08-02 16:00:00,,1,Court 5
1329,2023-08-02 15:00:00,,10,Court 5
1328,2023-08-02 15:00:00,,9,Harris
1327,2023-08-02 15:00:00,,8,Court 4
1326,2023-08-02 15:00:00,,7,Stadium
1325,2023-08-02 15:00:00,,6,Grandstand
1324,2023-08-02 14:00:00,,5,Court 5
1323,2023-08-02 14:00:00,,4,Harris
1322,2023-08-02 14:00:00,,3,Court 4
1321,2023-08-02 14:00:00,,2,Stadium
1320,2023-08-02 14:00:00,,1,Grandstand
1319,2023-08-02 13:00:00,,10,Grandstand
1318,2023-08-02 13:00:00,,9,Court 5
1317,2023-08-02 13:00:00,,8,Harris
1316,2023-08-02 13:00:00,,7,Court 4
1315,2023-08-02 13:00:00,,6,Stadium
1314,2023-08-02 12:00:00,,5,Grandstand
1313,2023-08-02 12:00:00,,4,Court 5
1312,2023-08-02 12:00:00,,3,Harris
1311,2023-08-02 12:00:00,,2,Court 4
1310,2023-08-02 12:00:00,,1,Stadium
1309,2023-08-01 23:00:00,,0,Grandstand
1308,2023-08-01 23:00:00,,0,Court 5
1307,2023-08-01 23:00:00,2023-08-01 23:23:20,0,Harris
1306,2023-08-01 23:00:00,,0,Court 4
1305,2023-08-01 23:00:00,2023-08-01 23:09:38,2,Stadium
1304,2023-08-01 22:00:00,,0,Grandstand
1303,2023-08-01 22:00:00,,0,Court 5
1302,2023-08-01 22:00:00,,3,Harris
1301,2023-08-01 22:00:00,,0,Court 4
1300,2023-08-01 22:00:00,,1,Stadium
1299,2023-08-01 21:00:00,,0,Stadium
1298,2023-08-01 21:00:00,,0,Grandstand
1297,2023-08-01 21:00:00,,0,Court 5
1296,2023-08-01 21:00:00,,7,Harris
1295,2023-08-01 21:00:00,,0,Court 4
1294,2023-08-01 20:00:00,,5,Stadium
1293,2023-08-01 20:00:00,2023-08-01 20:33:39,0,Grandstand
1292,2023-08-01 20:00:00,2023-08-01 20:23:29,0,Court 5
1291,2023-08-01 20:00:00,,0,Harris
1290,2023-08-01 20:00:00,2023-08-01 20:54:10,0,Court 4
1289,2023-08-01 19:00:00,,0,Court 4
1288,2023-08-01 19:00:00,,9,Stadium
1287,2023-08-01 19:00:00,,8,Grandstand
1286,2023-08-01 19:00:00,,7,Court 5
1285,2023-08-01 19:00:00,,6,Harris
1284,2023-08-01 18:00:00,,5,Court 4
1283,2023-08-01 18:00:00,,0,Stadium
1282,2023-08-01 18:00:00,,3,Grandstand
1281,2023-08-01 18:00:00,,0,Court 5
1280,2023-08-01 18:00:00,,0,Harris
1279,2023-08-01 17:00:00,,10,Harris
1278,2023-08-01 17:00:00,,9,Court 4
1277,2023-08-01 17:00:00,,8,Stadium
1276,2023-08-01 17:00:00,,7,Grandstand
1275,2023-08-01 17:00:00,2023-08-01 17:16:58,6,Court 5
1274,2023-08-01 16:00:00,,5,Harris
1273,2023-08-01 16:00:00,,4,Court 4
1272,2023-08-01 16:00:00,,3,Stadium
1271,2023-08-01 16:00:00,,0,Grandstand
1270,2023-08-01 16:00:00,,0,Court 5
1269,2023-08-01 15:00:00,,10,Court 5
1268,2023-08-01 15:00:00,,9,Harris
1267,2023-08-01 15:00:00,,8,Court 4
1266,2023-08-01 15:00:00,,7,Stadium
1265,2023-08-01 15:00:00,,6,Grandstand
1264,2023-08-01 14:00:00,,5,Court 5
1263,2023-08-01 14:00:00,,0,Harris
1262,2023-08-01 14:00:00,,0,Court 4
1261,2023-08-01 14:00:00,,0,Stadium
1260,2023-08-01 14:00:00,,0,Grandstand
1259,2023-08-01 13:00:00,,10,Grandstand
1258,2023-08-01 13:00:00,,9,Court 5
1257,2023-08-01 13:00:00,,8,Harris
1256,2023-08-01 13:00:00,,0,Court 4
1255,2023-08-01 13:00:00,,0,Stadium
1254,2023-08-01 12:00:00,,5,Grandstand
1253,2023-08-01 12:00:00,,0,Court 5
1252,2023-08-01 12:00:00,,0,Harris
1251,2023-08-01 12:00:00,,0,Court 4
1250,2023-08-01 12:00:00,,0,Stadium
1249,2023-07-31 23:00:00,,0,Grandstand
1248,2023-07-31 23:00:00,,0,Court 5
1247,2023-07-31 23:00:00,2023-07-31 23:21:53,2,Harris
1246,2023-07-31 23:00:00,,0,Court 4
1245,2023-07-31 23:00:00,,0,Stadium
1244,2023-07-31 22:00:00,,0,Grandstand
1243,2023-07-31 22:00:00,,0,Court 5
1242,2023-07-31 22:00:00,,3,Harris
1241,2023-07-31 22:00:00,,0,Court 4
1240,2023-07-31 22:00:00,2023-07-31 22:27:25,1,Stadium
1239,2023-07-31 21:00:00,,10,Stadium
1238,2023-07-31 21:00:00,,0,Grandstand
1237,2023-07-31 21:00:00,,0,Court 5
1236,2023-07-31 21:00:00,,7,Harris
1235,2023-07-31 21:00:00,,0,Court 4
1234,2023-07-31 20:00:00,,5,Stadium
1233,2023-07-31 20:00:00,2023-07-31 20:53:00,3,Grandstand
1232,2023-07-31 20:00:00,,0,Court 5
1231,2023-07-31 20:00:00,,2,Harris
1230,2023-07-31 20:00:00,,0,Court 4
1229,2023-07-31 19:00:00,2023-07-31 19:55:40,10,Court 4
1228,2023-07-31 19:00:00,,9,Stadium
1227,2023-07-31 19:00:00,,8,Grandstand
1226,2023-07-31 19:00:00,,0,Court 5
1225,2023-07-31 19:00:00,,6,Harris
1224,2023-07-31 18:00:00,,5,Court 4
1223,2023-07-31 18:00:00,,0,Stadium
1222,2023-07-31 18:00:00,,3,Grandstand
1221,2023-07-31 18:00:00,2023-07-31 18:55:55,2,Court 5
1220,2023-07-31 18:00:00,,1,Harris
1219,2023-07-31 17:00:00,,10,Harris
1218,2023-07-31 17:00:00,,9,Court 4
1217,2023-07-31 17:00:00,,8,Stadium
1216,2023-07-31 17:00:00,,7,Grandstand
1215,2023-07-31 17:00:00,,6,Court 5
1214,2023-07-31 16:00:00,,5,Harris
1213,2023-07-31 16:00:00,,4,Court 4
1212,2023-07-31 16:00:00,,3,Stadium
1211,2023-07-31 16:00:00,,2,Grandstand
1210,2023-07-31 16:00:00,,1,Court 5
1209,2023-07-31 15:00:00,,10,Court 5
1208,2023-07-31 15:00:00,,9,Harris
1207,2023-07-31 15:00:00,,8,Court 4
1206,2023-07-31 15:00:00,,7,Stadium
1205,2023-07-31 15:00:00,,6,Grandstand
1204,2023-07-31 14:00:00,,5,Court 5
1203,2023-07-31 14:00:00,,4,Harris
1202,2023-07-31 14:00:00,,3,Court 4
1201,2023-07-31 14:00:00,,2,Stadium
1200,2023-07-31 14:00:00,,1,Grandstand
1199,2023-07-31 13:00:00,,10,Grandstand
1198,2023-07-31 13:00:00,,9,Court 5
1197,2023-07-31 13:00:00,,8,Harris
1196,2023-07-31 13:00:00,,7,Court 4
1195,2023-07-31 13:00:00,,6,Stadium
1194,2023-07-31 12:00:00,,5,Grandstand
1193,2023-07-31 12:00:00,,4,Court 5
1192,2023-07-31 12:00:00,,3,Harris
1191,2023-07-31 12:00:00,,2,Court 4
1190,2023-07-31 12:00:00,,1,Stadium
1185,2023-07-30 17:00:00,,0,Stadium
1184,2023-07-30 17:00:00,,0,Grandstand
1183,2023-07-30 17:00:00,,0,Harris
1182,2023-07-30 17:00:00,,0,Court 4
1181,2023-07-30 16:00:00,,0,Stadium
1180,2023-07-30 16:00:00,2023-07-30 16:27:07,3,Grandstand
1179,2023-07-30 16:00:00,,0,Harris
1178,2023-07-30 16:00:00,2023-07-30 16:01:06,8,Court 4
1177,2023-07-30 15:00:00,,8,Court 4
1176,2023-07-30 15:00:00,,0,Stadium
1175,2023-07-30 15:00:00,,6,Grandstand
1174,2023-07-30 15:00:00,2023-07-30 15:57:56,5,Harris
1173,2023-07-30 14:00:00,,4,Court 4
1172,2023-07-30 14:00:00,2023-07-30 14:16:37,3,Stadium
1171,2023-07-30 14:00:00,,2,Grandstand
1170,2023-07-30 14:00:00,,1,Harris
1169,2023-07-30 13:00:00,,8,Harris
1168,2023-07-30 13:00:00,,7,Court 4
1167,2023-07-30 13:00:00,,6,Stadium
1166,2023-07-30 13:00:00,,5,Grandstand
1165,2023-07-30 12:00:00,,4,Harris
1164,2023-07-30 12:00:00,,3,Court 4
1163,2023-07-30 12:00:00,,2,Stadium
1162,2023-07-30 12:00:00,,1,Grandstand
1161,2023-07-30 11:00:00,,8,Grandstand
1160,2023-07-30 11:00:00,,7,Harris
1159,2023-07-30 11:00:00,,6,Court 4
1158,2023-07-30 11:00:00,,5,Stadium
1157,2023-07-30 10:00:00,,4,Grandstand
1156,2023-07-30 10:00:00,,3,Harris
1155,2023-07-30 10:00:00,,2,Court 4
1154,2023-07-30 10:00:00,,1,Stadium
1153,2023-07-29 22:00:00,,0,Stadium
1152,2023-07-29 22:00:00,,0,Harris
1151,2023-07-29 22:00:00,,4,Court 5
1150,2023-07-29 22:00:00,,5,Grandstand
1149,2023-07-29 22:00:00,,0,Court 4
1148,2023-07-29 21:00:00,,5,Grandstand
1147,2023-07-29 21:00:00,,4,Court 5
1146,2023-07-29 21:00:00,,0,Harris
1145,2023-07-29 21:00:00,2023-07-29 21:22:42,2,Court 4
1144,2023-07-29 21:00:00,2023-07-29 21:06:05,1,Stadium
1143,2023-07-29 20:00:00,,5,Grandstand
1142,2023-07-29 20:00:00,,4,Court 5
1141,2023-07-29 20:00:00,2023-07-29 20:56:05,3,Harris
1140,2023-07-29 20:00:00,,2,Court 4
1139,2023-07-29 20:00:00,,1,Stadium
1138,2023-07-29 19:00:00,,1,Stadium
1137,2023-07-29 19:00:00,,5,Grandstand
1136,2023-07-29 19:00:00,,4,Court 5
1135,2023-07-29 19:00:00,,3,Harris
1134,2023-07-29 19:00:00,,2,Court 4
1133,2023-07-29 18:00:00,,0,Stadium
1132,2023-07-29 18:00:00,,0,Grandstand
1131,2023-07-29 18:00:00,,0,Court 5
1130,2023-07-29 18:00:00,,0,Harris
1129,2023-07-29 18:00:00,,0,Court 4
1128,2023-07-29 17:00:00,,10,Court 4
1127,2023-07-29 17:00:00,,0,Stadium
1126,2023-07-29 17:00:00,,8,Grandstand
1125,2023-07-29 17:00:00,,7,Court 5
1124,2023-07-29 17:00:00,,6,Harris
1123,2023-07-29 16:00:00,,5,Court 4
1122,2023-07-29 16:00:00,2023-07-29 16:10:10,4,Stadium
1121,2023-07-29 16:00:00,,3,Grandstand
1120,2023-07-29 16:00:00,,2,Court 5
1119,2023-07-29 16:00:00,,1,Harris
1118,2023-07-29 15:00:00,,10,Harris
1117,2023-07-29 15:00:00,,9,Court 4
1116,2023-07-29 15:00:00,,8,Stadium
1115,2023-07-29 15:00:00,,7,Grandstand
1114,2023-07-29 15:00:00,,6,Court 5
1113,2023-07-29 14:00:00,,5,Harris
1112,2023-07-29 14:00:00,,4,Court 4
1111,2023-07-29 14:00:00,,3,Stadium
1110,2023-07-29 14:00:00,,2,Grandstand
1109,2023-07-29 14:00:00,,1,Court 5
1108,2023-07-29 13:00:00,,10,Court 5
1107,2023-07-29 13:00:00,,9,Harris
1106,2023-07-29 13:00:00,,8,Court 4
1105,2023-07-29 13:00:00,,7,Stadium
1104,2023-07-29 13:00:00,,6,Grandstand
1103,2023-07-29 12:00:00,,5,Court 5
1102,2023-07-29 12:00:00,,4,Harris
1101,2023-07-29 12:00:00,,3,Court 4
1100,2023-07-29 12:00:00,,2,Stadium
1099,2023-07-29 12:00:00,,1,Grandstand
1098,2023-07-29 11:00:00,,10,Grandstand
1097,2023-07-29 11:00:00,,9,Court 5
1096,2023-07-29 11:00:00,,8,Harris
1095,2023-07-29 11:00:00,,7,Court 4
1094,2023-07-29 11:00:00,,6,Stadium
1093,2023-07-29 10:00:00,,5,Grandstand
1092,2023-07-29 10:00:00,,4,Court 5
1091,2023-07-29 10:00:00,,3,Harris
1090,2023-07-29 10:00:00,,2,Court 4
1089,2023-07-29 10:00:00,,1,Stadium
